,Year,Net Profit,CSR Spent,Percentage
0,14-15,1272391.244317767,26762.10373355833,2.103292037969633
1,15-16,1397516.7874736697,45034.944217626995,3.222497548601039
2,16-17,1277811.8095422965,33112.194335083674,2.5913201058099657
3,17-18,1197747.1951340586,27323.374582733333,2.28123052124327
4,18-19,1562278.1835370485,40241.477553940334,2.575820233425543
